idx_original,pred_glucose_t+30
0,158.43666666666667
1,157.68666666666667
2,157.51666666666668
3,157.22666666666666
4,157.44333333333333
5,154.81333333333333
6,156.33666666666667
7,161.87333333333333
8,168.15
9,168.37666666666667
10,168.87666666666667
11,169.97
12,159.94666666666666
13,160.12666666666667
14,155.12333333333333
15,160.12666666666667
16,155.72333333333333
17,154.86333333333334
18,162.6
19,163.64333333333335
20,168.45666666666668
21,169.16333333333333
22,169.14
23,170.08333333333334
24,199.96
25,199.97333333333333
26,199.91666666666666
27,196.62333333333333
28,195.78333333333333
29,196.07
30,196.30333333333334
31,196.62666666666667
32,194.17666666666668
33,194.19333333333333
34,197.09
35,199.17333333333335
36,199.14666666666668
37,199.06
38,199.04333333333332
39,199.57666666666665
40,199.06333333333333
41,198.59666666666666
42,198.47
43,198.44666666666666
44,197.81
45,197.11
46,197.17
47,197.98333333333332
48,196.62
49,196.35666666666665
50,198.71333333333334
51,199.01
52,198.46333333333334
53,198.28666666666666
54,189.85333333333332
55,191.45666666666668
56,191.28666666666666
57,191.72666666666666
58,192.34
59,191.67333333333335
60,186.38333333333333
61,185.16666666666666
62,185.13333333333333
63,185.04666666666665
64,185.97666666666666
65,186.84666666666666
66,169.50666666666666
67,167.60666666666665
68,168.62
69,171.61333333333334
70,179.29666666666665
71,162.44
72,143.37666666666667
73,154.65
74,159.37
75,146.20333333333335
76,154.72666666666666
77,166.39333333333335
78,194.04
79,201.74666666666667
80,180.1
81,183.89333333333335
82,190.10666666666665
83,192.57666666666665
84,203.17333333333335
85,194.37666666666667
86,191.88
87,197.43666666666667
88,193.66333333333333
89,197.2
90,196.09333333333333
91,196.56666666666666
92,204.43666666666667
93,205.31
94,190.4
95,168.79666666666665
96,171.28
97,175.96666666666667
98,208.50666666666666
99,192.09666666666666
100,183.46666666666667
101,180.64
102,180.28666666666666
103,166.38666666666666
104,165.95333333333335
105,163.77
106,169.67666666666668
107,167.80666666666667
108,161.42666666666668
109,161.20666666666668
110,160.74
111,160.45
112,161.23333333333332
113,161.35333333333332
114,163.15333333333334
115,164.69
116,166.56
117,165.85
118,165.19333333333333
119,164.66666666666666
120,154.15
121,159.10333333333332
122,160.24666666666667
123,161.71
124,158.19
125,163.7
126,165.60666666666665
127,145.07333333333332
128,146.93333333333334
129,152.19666666666666
130,177.54
131,150.80333333333334
132,137.8
133,130.62666666666667
134,170.64666666666668
135,174.50666666666666
136,170.90666666666667
137,175.87666666666667
138,176.15666666666667
139,172.13333333333333
140,172.24
141,173.48666666666668
142,173.67333333333335
143,192.32333333333332
144,175.03
145,171.26
146,171.71333333333334
147,171.76
148,173.54333333333332
149,174.73666666666668
150,177.82333333333332
151,177.08666666666667
152,179.97666666666666
153,176.86666666666667
154,182.04333333333332
155,190.32666666666665
156,171.37333333333333
157,168.74333333333334
158,176.16666666666666
159,171.43333333333334
160,170.94333333333333
161,171.13666666666666
162,171.61666666666667
163,165.00666666666666
164,161.64333333333335
165,174.08333333333334
166,169.90666666666667
167,170.01333333333332
168,122.07333333333334
169,123.37666666666667
170,123.30666666666667
171,122.71666666666667
172,115.40333333333334
173,115.54666666666667
174,112.51
175,112.27
176,120.76333333333334
177,120.25
178,111.85666666666667
179,113.8
180,105.15666666666667
181,107.14666666666666
182,104.00333333333333
183,100.37
184,97.15
185,91.91
186,91.35
187,97.58
188,99.29333333333334
189,97.38666666666667
190,94.79
191,92.54666666666667
192,98.9
193,100.86
194,112.56333333333333
195,95.87333333333333
196,95.3
197,87.13666666666667
198,88.00333333333333
199,96.65333333333334
200,96.22
201,95.87666666666667
202,95.53333333333333
203,100.01333333333334
204,108.10666666666667
205,107.75
206,125.19
207,133.02
208,138.91
209,92.67
210,162.82333333333332
211,159.97333333333333
212,211.28
213,208.86
214,215.48
215,188.75
216,199.97
217,191.83666666666667
218,219.70333333333335
219,215.98666666666668
220,204.55666666666667
221,218.80333333333334
222,218.09
223,219.94
224,215.92666666666668
225,214.92333333333335
226,215.17
227,214.77333333333334
228,179.26
229,190.53
230,210.56666666666666
231,212.41666666666666
232,221.83333333333334
233,213.96666666666667
234,191.51
235,205.47
236,206.64666666666668
237,189.1
238,193.07333333333332
239,192.17
240,203.86333333333334
241,217.69
242,217.87333333333333
243,211.14666666666668
244,216.90333333333334
245,216.03666666666666
246,218.3
247,223.73666666666668
248,220.07333333333332
249,221.8
250,220.84
251,221.44
252,223.79
253,226.5
254,227.62666666666667
255,227.30666666666667
256,229.28666666666666
257,225.56
258,218.29666666666665
259,195.65333333333334
260,195.59333333333333
261,195.34666666666666
262,195.08
263,195.09666666666666
264,195.30333333333334
265,194.98333333333332
266,195.13666666666666
267,194.81666666666666
268,195.82333333333332
269,195.74666666666667
270,195.98
271,195.8
272,195.58666666666667
273,195.98333333333332
274,196.02333333333334
275,195.95
276,158.66
277,157.75
278,157.57333333333332
279,156.61
280,153.57333333333332
281,153.49333333333334
282,156.54333333333332
283,145.88666666666666
284,168.46666666666667
285,168.87666666666667
286,168.47666666666666
287,169.19
288,159.2
289,157.61666666666667
290,157.39333333333335
291,158.41666666666666
292,157.31666666666666
293,157.41333333333333
294,158.79666666666665
295,161.81333333333333
296,167.3
297,168.45666666666668
298,168.77
299,170.01333333333332
300,160.45
301,160.10333333333332
302,159.76666666666668
303,158.96
304,159.39
305,157.16666666666666
306,157.24666666666667
307,162.32666666666665
308,167.71
309,168.82
310,169.68
311,170.32333333333332
312,195.31333333333333
313,195.21333333333334
314,195.79
315,195.09666666666666
316,196.31333333333333
317,196.43666666666667
318,196.41333333333333
319,193.93333333333334
320,196.3
321,198.62
322,198.32
323,198.30333333333334
324,197.98333333333332
325,198.78333333333333
326,198.54
327,194.07666666666665
328,194.73666666666668
329,194.24
330,194.35
331,194.65666666666667
332,194.61666666666667
333,194.65
334,194.61333333333334
335,198.81666666666666
336,197.81666666666666
337,178.82333333333332
338,181.20333333333335
339,182.68666666666667
340,183.33666666666667
341,184.49333333333334
342,186.05666666666667
343,186.04
344,186.92
345,186.12
346,186.21666666666667
347,184.06666666666666
348,169.30333333333334
349,170.79333333333332
350,168.11333333333334
351,169.84
352,172.22333333333333
353,180.4
354,190.28666666666666
355,189.08666666666667
356,188.92333333333335
357,191.11
358,191.07666666666665
359,190.59
360,185.22333333333333
361,179.67
362,183.67333333333335
363,181.07
364,183.15
365,186.04666666666665
366,178.68333333333334
367,179.92
368,179.20333333333335
369,180.86
370,179.81
371,181.54666666666665
372,178.87
373,177.42333333333335
374,177.26
375,176.89
376,177.16333333333333
377,177.74666666666667
378,178.63666666666666
379,176.84333333333333
380,177.06666666666666
381,176.51
382,179.51333333333332
383,174.04666666666665
384,173.98666666666668
385,173.2
386,174.24666666666667
387,170.51666666666668
388,174.66
389,173.77
390,174.6
391,168.46
392,175.94666666666666
393,177.25666666666666
394,175.88333333333333
395,164.19
396,153.19333333333333
397,163.69666666666666
398,160.28333333333333
399,169.4
400,165.47333333333333
401,158.73333333333332
402,169.49333333333334
403,163.02
404,166.65333333333334
405,163.4
406,163.88333333333333
407,156.53333333333333
408,162.54333333333332
409,177.42666666666668
410,169.56333333333333
411,174.66666666666666
412,164.96666666666667
413,166.21333333333334
414,125.90666666666667
415,180.51666666666668
416,182.18333333333334
417,186.03
418,186.70666666666668
419,186.11333333333334
420,234.96666666666667
421,223.67
422,224.43666666666667
423,229.30666666666667
424,221.99333333333334
425,218.16
426,221.83
427,227.78333333333333
428,234.09
429,234.45666666666668
430,231.07666666666665
431,191.22333333333333
432,176.53333333333333
433,232.21
434,229.62333333333333
435,235.00333333333333
436,203.73666666666668
437,180.53666666666666
438,167.06
439,184.88333333333333
440,239.13333333333333
441,241.0
442,238.01333333333332
443,230.9
444,155.26
445,173.99333333333334
446,156.81333333333333
447,155.89333333333335
448,140.66
449,143.36666666666667
450,146.27666666666667
451,149.43
452,147.99333333333334
453,150.05333333333334
454,148.46
455,151.6
456,93.87
457,87.93666666666667
458,86.25333333333333
459,89.85
460,89.38333333333334
461,109.17
462,101.26666666666667
463,108.49333333333334
464,92.92
465,88.66666666666667
466,99.48666666666666
467,85.36666666666666
468,87.24666666666667
469,88.49666666666667
470,86.56666666666666
471,88.56666666666666
472,86.57666666666667
473,87.69666666666667
474,84.65666666666667
475,82.91
476,81.59666666666666
477,77.59
478,77.93333333333334
479,83.47
480,90.13333333333334
481,90.54333333333334
482,82.54666666666667
483,86.6
484,82.47333333333333
485,84.38666666666667
486,90.74333333333334
487,89.46
488,83.07666666666667
489,88.00666666666666
490,84.37666666666667
491,125.65
492,146.77333333333334
493,140.91666666666666
494,137.40666666666667
495,146.55666666666667
496,135.57333333333332
497,131.71333333333334
498,115.93666666666667
499,117.17333333333333
500,119.09666666666666
501,121.90666666666667
502,130.89
503,118.86
504,130.2
505,137.86333333333334
506,141.54
507,140.44
508,138.08666666666667
509,150.76333333333332
510,159.59666666666666
511,166.61666666666667
512,129.64
513,131.99666666666667
514,110.61
515,111.22666666666667
516,124.84666666666666
517,123.98666666666666
518,124.42
519,126.58
520,128.23
521,134.22333333333333
522,148.76333333333332
523,140.76666666666668
524,142.67666666666668
525,142.89666666666668
526,143.90666666666667
527,152.79
528,154.66333333333333
529,155.74333333333334
530,155.90666666666667
531,157.74333333333334
532,158.85
533,157.28333333333333
534,158.32
535,159.77
536,160.25
537,180.36333333333334
538,179.01
539,181.96333333333334
540,202.24
541,211.19666666666666
542,212.05666666666667
543,213.72
544,213.25666666666666
545,213.01333333333332
546,213.30333333333334
547,237.1
548,235.17333333333335
549,238.84333333333333
550,238.64666666666668
551,231.84333333333333
552,230.51
553,232.16666666666666
554,228.22666666666666
555,230.81333333333333
556,229.22333333333333
557,232.60666666666665
558,231.87333333333333
559,230.11666666666667
560,225.30666666666667
561,215.67
562,206.76333333333332
563,199.96666666666667
564,131.6
565,134.51
566,133.88333333333333
567,133.14333333333335
568,132.39
569,127.38666666666667
570,131.46
571,127.92
572,127.10333333333334
573,127.33333333333333
574,125.63
575,125.22333333333333
576,128.0
577,132.17333333333335
578,133.03333333333333
579,132.52333333333334
580,131.94
581,130.55
582,128.72333333333333
583,127.53333333333333
584,126.49666666666667
585,131.66333333333333
586,132.33
587,132.33666666666667
588,130.63333333333333
589,129.99
590,130.45333333333335
591,130.42666666666668
592,130.54
593,129.41666666666666
594,128.56333333333333
595,130.34666666666666
596,129.33
597,132.02333333333334
598,131.29
599,129.40666666666667
600,130.66
601,130.68666666666667
602,130.97333333333333
603,130.83333333333334
604,130.55
605,129.14666666666668
606,128.57
607,127.09666666666666
608,124.39666666666666
609,127.51333333333334
610,132.97
611,133.09333333333333
612,133.21666666666667
613,133.56
614,132.97666666666666
615,133.40666666666667
616,133.37
617,131.24333333333334
618,131.37333333333333
619,127.99333333333334
620,126.57333333333334
621,126.48
622,129.30666666666667
623,130.14
624,130.32666666666665
625,131.73333333333332
626,129.7
627,128.69
628,128.30333333333334
629,126.28
630,126.35666666666667
631,128.45333333333335
632,126.58333333333333
633,128.1
634,129.37666666666667
635,130.45
636,132.07666666666665
637,132.91
638,133.10666666666665
639,132.97666666666666
640,132.48333333333332
641,129.68666666666667
642,126.54333333333334
643,125.36333333333333
644,125.43333333333334
645,125.06
646,125.21666666666667
647,125.22666666666667
648,124.78
649,124.94
650,125.19
651,128.01
652,124.75333333333333
653,123.45
654,122.78666666666666
655,121.83666666666667
656,121.93666666666667
657,124.95
658,122.03666666666666
659,122.23333333333333
660,124.85
661,125.01
662,125.14
663,125.15
664,125.13333333333334
665,147.29333333333332
666,161.53
667,162.82666666666665
668,160.71333333333334
669,154.10333333333332
670,144.36666666666667
671,155.22
672,146.56333333333333
673,138.39333333333335
674,143.18333333333334
675,141.31
676,131.84333333333333
677,145.67
678,149.47666666666666
679,145.97666666666666
680,144.30333333333334
681,139.75
682,138.86
683,132.47666666666666
684,134.46
685,137.84666666666666
686,132.98666666666668
687,136.24
688,141.85333333333332
689,138.23
690,137.51333333333332
691,141.58333333333334
692,142.13333333333333
693,146.53666666666666
694,142.55666666666667
695,144.29
696,142.49
697,138.05
698,138.03
699,139.01333333333332
700,136.97666666666666
701,135.49666666666667
702,136.66
703,137.48
704,139.66666666666666
705,143.06333333333333
706,141.23333333333332
707,139.21333333333334
708,142.55
709,140.18333333333334
710,143.98
711,139.15666666666667
712,141.01
713,140.33666666666667
714,142.19
715,141.89
716,140.65
717,144.83
718,139.83
719,152.83
720,159.46
721,167.27333333333334
722,164.0
723,162.18
724,164.35666666666665
725,165.55666666666667
726,171.52666666666667
727,166.65
728,169.45
729,160.29
730,157.29333333333332
731,165.95666666666668
732,173.90333333333334
733,172.95666666666668
734,173.86
735,173.65333333333334
736,174.90333333333334
737,174.93666666666667
738,174.53333333333333
739,171.35
740,179.3
741,178.21333333333334
742,175.9
743,180.68333333333334
744,170.23666666666668
745,173.92
746,173.03666666666666
747,175.52
748,175.31333333333333
749,173.57666666666665
750,173.85666666666665
751,173.86666666666667
752,176.17
753,176.00333333333333
754,174.02333333333334
755,182.41333333333333
756,199.09666666666666
757,198.40666666666667
758,200.61333333333334
759,196.06333333333333
760,190.51
761,193.87
762,194.84333333333333
763,193.29666666666665
764,193.0
765,199.05
766,196.04333333333332
767,198.86
768,201.14666666666668
769,194.67333333333335
770,196.99666666666667
771,191.02
772,191.24
773,192.57333333333332
774,197.28333333333333
775,192.46333333333334
776,188.79
777,187.81666666666666
778,191.96333333333334
779,196.28666666666666
780,207.80666666666667
781,201.10666666666665
782,197.32666666666665
783,193.41333333333333
784,198.4
785,206.29
786,208.83
787,184.67666666666668
788,101.11666666666666
789,97.25333333333333
790,95.65
791,94.40333333333334
792,130.28
793,99.38666666666667
794,115.24333333333334
795,153.63666666666666
796,104.82333333333334
797,103.29
798,107.22
799,108.82333333333334
800,111.7
801,109.74
802,110.49333333333334
803,111.27333333333333
804,124.9
805,126.14
806,133.64666666666668
807,140.50666666666666
808,141.75333333333333
809,144.89333333333335
810,141.61333333333334
811,149.75666666666666
812,154.21
813,154.59666666666666
814,154.62666666666667
815,169.99333333333334
816,188.19333333333333
817,188.15666666666667
818,201.68666666666667
819,199.24666666666667
820,198.01666666666668
821,200.17333333333335
822,201.15
823,191.12333333333333
824,199.68
825,203.38666666666666
826,195.16666666666666
827,194.29666666666665
828,228.30666666666667
829,196.76
830,194.29333333333332
831,196.17666666666668
832,196.07333333333332
833,196.35333333333332
834,196.59333333333333
835,196.89
836,196.65666666666667
837,196.13333333333333
838,196.11
839,195.88
840,194.04333333333332
841,195.49333333333334
842,195.69
843,195.81666666666666
844,195.85
845,195.88666666666666
846,195.93333333333334
847,195.99333333333334
848,195.84666666666666
849,195.65
850,195.84
851,195.66333333333333
852,134.2
853,138.05
854,143.45333333333335
855,143.36
856,142.03333333333333
857,141.45666666666668
858,142.43666666666667
859,141.46666666666667
860,141.87
861,141.64666666666668
862,137.06333333333333
863,136.63666666666666
864,135.4
865,134.88333333333333
866,136.05333333333334
867,136.01
868,134.63
869,136.58333333333334
870,141.82666666666665
871,137.93666666666667
872,143.01
873,142.25333333333333
874,144.12666666666667
875,143.66
876,142.53333333333333
877,137.33666666666667
878,137.98333333333332
879,139.07
880,138.48333333333332
881,149.41333333333333
882,133.84666666666666
883,137.67
884,137.09
885,150.13
886,151.24333333333334
887,151.75666666666666
888,151.15333333333334
889,151.17666666666668
890,151.17666666666668
891,143.21
892,134.42
893,137.58666666666667
894,142.63666666666666
895,141.00333333333333
896,152.66333333333333
897,136.0
898,134.71666666666667
899,137.19333333333333
900,138.89333333333335
901,136.56
902,134.02
903,140.91
904,142.31666666666666
905,140.07
906,134.55666666666667
907,136.18333333333334
908,136.56333333333333
909,143.84
910,139.31666666666666
911,135.57666666666665
912,134.47
913,137.22333333333333
914,139.01333333333332
915,138.36
916,138.06
917,137.63
918,138.1
919,137.92
920,137.38
921,139.05
922,136.88
923,136.91
924,137.86666666666667
925,137.48
926,136.91333333333333
927,136.23333333333332
928,135.69333333333333
929,116.62333333333333
930,131.32333333333332
931,124.1
932,137.33
933,129.25
934,131.31666666666666
935,126.84666666666666
936,138.86666666666667
937,131.19333333333333
938,133.28333333333333
939,132.43333333333334
940,124.70333333333333
941,128.25333333333333
942,128.87
943,133.50666666666666
944,130.11
945,128.03333333333333
946,127.17
947,128.77
948,126.76
949,130.89
950,130.36666666666667
951,128.45333333333335
952,129.34666666666666
953,128.71666666666667
954,128.09333333333333
955,128.88666666666666
956,129.38333333333333
957,128.01
958,127.65333333333334
959,128.58333333333334
960,137.12666666666667
961,132.41
962,130.60666666666665
963,132.05666666666667
964,131.06333333333333
965,130.35666666666665
966,131.36333333333334
967,132.02333333333334
968,132.60666666666665
969,130.56666666666666
970,130.5
971,131.21
972,128.92333333333335
973,129.04666666666665
974,128.72666666666666
975,128.75666666666666
976,128.65333333333334
977,125.91
978,127.55666666666667
979,133.93666666666667
980,136.22333333333333
981,131.30333333333334
982,133.32
983,126.9
984,130.35666666666665
985,130.97
986,132.74666666666667
987,129.74
988,128.72666666666666
989,129.22666666666666
990,127.89
991,128.2
992,130.29666666666665
993,129.68
994,131.21666666666667
995,141.02666666666667
996,148.00666666666666
997,149.31333333333333
998,142.31333333333333
999,145.11
1000,140.60666666666665
1001,149.66333333333333
1002,140.01
1003,141.96
1004,147.99666666666667
1005,148.32333333333332
1006,146.5
1007,138.84666666666666
1008,141.54
1009,148.32
1010,154.39666666666668
1011,154.1
1012,153.88666666666666
1013,150.37
1014,152.33333333333334
1015,154.82
1016,154.63
1017,152.29666666666665
1018,147.74333333333334
1019,155.44333333333333
1020,159.20666666666668
1021,138.55
1022,141.55333333333334
1023,147.25333333333333
1024,143.48666666666668
1025,144.79
1026,148.72333333333333
1027,144.85
1028,144.35
1029,161.52666666666667
1030,145.98
1031,144.67666666666668
1032,146.44333333333333
1033,146.95333333333335
1034,145.61666666666667
1035,141.99333333333334
1036,139.72
1037,146.7
1038,144.27666666666667
1039,146.08333333333334
1040,146.0
1041,140.43
1042,141.04
1043,134.72333333333333
1044,139.1
1045,133.14666666666668
1046,141.66333333333333
1047,141.02
1048,140.59333333333333
1049,135.48666666666668
1050,134.58
1051,136.74666666666667
1052,150.33666666666667
1053,133.65666666666667
1054,135.66
1055,145.35333333333332
1056,134.50666666666666
1057,143.96333333333334
1058,145.86666666666667
1059,147.81333333333333
1060,146.22333333333333
1061,145.19
1062,135.88666666666666
1063,134.39666666666668
1064,131.58666666666667
1065,118.80333333333333
1066,125.50333333333333
1067,124.57333333333334
1068,124.09
1069,123.02666666666667
1070,121.43
1071,121.38
1072,120.51333333333334
1073,132.84333333333333
1074,136.7
1075,138.03
1076,141.71
1077,148.43
1078,143.02
1079,140.95333333333335
1080,140.30666666666667
1081,137.57
1082,134.41
1083,127.96333333333334
1084,126.12333333333333
1085,125.85666666666667
1086,131.49666666666667
1087,132.41666666666666
1088,132.02
1089,130.63
1090,132.97
1091,127.89
1092,144.92
1093,131.93666666666667
1094,132.16333333333333
1095,131.22
1096,130.92333333333335
1097,130.23333333333332
1098,136.41333333333333
1099,138.69
1100,130.33666666666667
1101,128.95
1102,136.7
1103,128.89666666666668
1104,121.48
1105,120.63
1106,120.73666666666666
1107,108.42
1108,121.13333333333334
1109,131.78333333333333
1110,118.97333333333333
1111,116.97
1112,117.96666666666667
1113,117.41666666666667
1114,116.3
1115,116.84666666666666
1116,110.97666666666667
1117,109.32666666666667
1118,114.15666666666667
1119,118.23666666666666
1120,134.07333333333332
1121,127.8
1122,123.55
1123,122.95
1124,122.48666666666666
1125,122.47666666666667
1126,122.75
1127,123.54666666666667
1128,122.27
1129,117.11
1130,119.69666666666667
1131,132.54
1132,133.41666666666666
1133,138.09333333333333
1134,136.77666666666667
1135,138.72
1136,135.59
1137,135.26333333333332
1138,116.50666666666666
1139,147.97666666666666
1140,136.14
1141,136.05333333333334
1142,136.35333333333332
1143,134.67333333333335
1144,135.58666666666667
1145,147.00333333333333
1146,136.59666666666666
1147,136.99333333333334
1148,146.29
1149,147.70333333333335
1150,166.32
1151,166.35333333333332
1152,173.23666666666668
1153,175.87666666666667
1154,173.42666666666668
1155,175.51333333333332
1156,175.35
1157,173.18666666666667
1158,167.03333333333333
1159,140.45333333333335
1160,145.98666666666668
1161,145.8
1162,146.53666666666666
1163,147.47333333333333
1164,148.03666666666666
1165,149.18666666666667
1166,149.72
1167,150.43
1168,150.20666666666668
1169,150.51666666666668
1170,151.52666666666667
1171,152.13
1172,151.76333333333332
1173,154.32333333333332
1174,154.57
1175,154.28666666666666
1176,153.01
1177,153.01
1178,149.75
1179,147.9
1180,146.48666666666668
1181,147.71
1182,148.24333333333334
1183,147.69333333333333
1184,147.94
1185,147.73666666666668
1186,146.91666666666666
1187,147.53666666666666
1188,146.24666666666667
1189,146.31333333333333
1190,146.70666666666668
1191,147.65666666666667
1192,149.01
1193,152.2
1194,153.13
1195,153.76666666666668
1196,147.35
1197,147.91666666666666
1198,147.58666666666667
1199,145.90333333333334
1200,146.61
1201,145.40333333333334
1202,147.21333333333334
1203,148.29666666666665
1204,141.12333333333333
1205,146.02333333333334
1206,145.29666666666665
1207,145.35
1208,145.78333333333333
1209,146.5
1210,146.42333333333335
1211,141.96
1212,146.45666666666668
1213,161.97666666666666
1214,151.85
1215,138.67333333333335
1216,153.91
1217,138.82
1218,140.00333333333333
1219,141.49
1220,142.93666666666667
1221,139.91333333333333
1222,139.05666666666667
1223,138.94333333333333
1224,137.91
1225,137.19
1226,139.61
1227,144.23666666666668
1228,141.56333333333333
1229,145.54666666666665
1230,143.14
1231,143.32
1232,146.26333333333332
1233,146.62333333333333
1234,143.73
1235,139.99333333333334
1236,140.33
1237,138.51333333333332
1238,136.7
1239,132.33333333333334
1240,131.06
1241,134.69666666666666
1242,133.43
1243,136.84666666666666
1244,136.31333333333333
1245,136.62333333333333
1246,136.4
1247,135.84333333333333
1248,132.0
1249,137.63333333333333
1250,136.36666666666667
1251,138.20333333333335
1252,138.94666666666666
1253,141.48
1254,139.65
1255,138.25
1256,140.09666666666666
1257,137.24666666666667
1258,138.86666666666667
1259,138.37
1260,140.56333333333333
1261,138.65666666666667
1262,136.01333333333332
1263,138.49
1264,138.83333333333334
1265,142.26666666666668
1266,137.68333333333334
1267,133.60333333333332
1268,139.73
1269,140.98333333333332
1270,143.86
1271,143.77
1272,144.94666666666666
1273,151.31333333333333
1274,163.51333333333332
1275,155.45333333333335
1276,138.77666666666667
1277,157.06
1278,146.79
1279,135.67666666666668
1280,138.02333333333334
1281,140.60666666666665
1282,139.70666666666668
1283,126.3
1284,141.15333333333334
1285,139.53666666666666
1286,142.52
1287,147.54666666666665
1288,140.39666666666668
1289,136.48666666666668
1290,135.98
1291,136.87666666666667
1292,137.12666666666667
1293,136.97
1294,138.03
1295,135.21
1296,150.84333333333333
1297,145.42
1298,153.21
1299,152.86666666666667
1300,152.06
1301,151.94333333333333
1302,153.07
1303,153.73
1304,153.24666666666667
1305,152.86666666666667
1306,153.35333333333332
1307,153.59333333333333
1308,157.20666666666668
1309,156.76666666666668
1310,156.43333333333334
1311,155.85
1312,155.16333333333333
1313,155.16
1314,156.30333333333334
1315,157.00333333333333
1316,156.55
1317,156.18333333333334
1318,156.67
1319,156.91666666666666
1320,163.94
1321,163.60666666666665
1322,163.54666666666665
1323,162.75666666666666
1324,161.91666666666666
1325,161.93666666666667
1326,162.99
1327,163.91666666666666
1328,163.37333333333333
1329,162.96333333333334
1330,163.38333333333333
1331,163.37333333333333
1332,160.56333333333333
1333,160.23
1334,160.18333333333334
1335,159.39666666666668
1336,158.55333333333334
1337,158.52
1338,159.56666666666666
1339,160.40666666666667
1340,159.86666666666667
1341,159.48
1342,159.99
1343,159.95666666666668
1344,161.19
1345,160.85666666666665
1346,160.82
1347,160.03333333333333
1348,159.19
1349,159.15666666666667
1350,160.21333333333334
1351,161.05333333333334
1352,160.49666666666667
1353,160.11
1354,163.87
1355,165.86666666666667
1356,165.66
1357,165.35
1358,165.3
1359,164.51
1360,163.6
1361,163.60666666666665
1362,164.77333333333334
1363,165.69333333333333
1364,165.32
1365,164.93666666666667
1366,165.31
1367,165.3
1368,160.5
1369,159.92
1370,159.77
1371,158.63333333333333
1372,156.75
1373,156.73333333333332
1374,160.51
1375,158.46666666666667
1376,158.26333333333332
1377,152.24333333333334
1378,132.42333333333335
1379,131.77666666666667
1380,123.77333333333333
1381,122.68333333333334
1382,125.69333333333333
1383,116.65333333333334
1384,117.75666666666666
1385,118.78333333333333
1386,115.96333333333334
1387,117.95666666666666
1388,116.69333333333333
1389,118.49333333333334
1390,116.18
1391,121.62666666666667
1392,118.06333333333333
1393,118.72333333333333
1394,118.81
1395,117.88333333333334
1396,127.26666666666667
1397,123.62333333333333
1398,116.63
1399,122.00333333333333
1400,111.19
1401,106.61666666666666
1402,109.41
1403,103.79333333333334
1404,122.81
1405,102.69333333333333
1406,101.09666666666666
1407,101.29
1408,101.02333333333333
1409,102.07333333333334
1410,103.60666666666667
1411,105.50666666666666
1412,103.40666666666667
1413,102.71666666666667
1414,106.66666666666667
1415,125.02333333333333
1416,119.19333333333333
1417,119.43666666666667
1418,129.02333333333334
1419,131.78
1420,127.91333333333333
1421,132.05666666666667
1422,130.41333333333333
1423,124.04666666666667
1424,119.36666666666666
1425,128.23
1426,99.49
1427,99.73666666666666
1428,153.41333333333333
1429,160.51666666666668
1430,159.42666666666668
1431,136.66666666666666
1432,140.43
1433,143.75333333333333
1434,143.91
1435,144.67666666666668
1436,147.33666666666667
1437,130.52
1438,121.45666666666666
1439,120.77666666666667
1440,121.61333333333333
1441,119.65
1442,121.29
1443,124.81666666666666
1444,118.40333333333334
1445,118.21
1446,119.64666666666666
1447,117.24666666666667
1448,116.66666666666667
1449,114.85666666666667
1450,117.58666666666667
1451,126.80333333333333
1452,132.04666666666665
1453,131.76
1454,133.37333333333333
1455,139.36333333333334
1456,151.89666666666668
1457,140.46
1458,143.39333333333335
1459,143.62
1460,112.59
1461,123.04
1462,119.89666666666666
1463,124.08
1464,137.54333333333332
1465,133.68333333333334
1466,140.79333333333332
1467,134.35666666666665
1468,140.19333333333333
1469,133.22666666666666
1470,140.21333333333334
1471,141.77666666666667
1472,139.89666666666668
1473,137.96666666666667
1474,137.19
1475,137.40333333333334
1476,140.3
1477,140.08
1478,144.08
1479,126.35333333333334
1480,126.76333333333334
1481,124.87666666666667
1482,125.91
1483,124.75
1484,124.81666666666666
1485,127.57666666666667
1486,129.08666666666667
1487,128.48666666666668
1488,127.27
1489,117.82333333333334
1490,124.2
1491,131.14
1492,130.34666666666666
1493,122.10333333333334
1494,120.45
1495,131.87666666666667
1496,127.59
1497,136.58666666666667
1498,135.72333333333333
1499,135.17666666666668
1500,129.09
1501,130.74333333333334
1502,127.77666666666667
1503,126.69666666666667
1504,130.63333333333333
1505,131.21666666666667
1506,118.17
1507,119.96
1508,121.27666666666667
1509,108.96666666666667
1510,110.11666666666666
1511,111.26
1512,123.55666666666667
1513,122.93
1514,123.56666666666666
1515,124.97333333333333
1516,145.18666666666667
1517,151.38333333333333
1518,159.1
1519,165.12
1520,171.22333333333333
1521,181.77666666666667
1522,189.36
1523,191.99333333333334
1524,228.77
1525,225.72333333333333
1526,223.59333333333333
1527,224.81
1528,224.86666666666667
1529,225.11333333333334
1530,225.15
1531,223.69333333333333
1532,222.87333333333333
1533,217.52666666666667
1534,210.31666666666666
1535,207.19333333333333
1536,180.85666666666665
1537,179.62333333333333
1538,178.62
1539,179.40333333333334
1540,177.76666666666668
1541,178.56333333333333
1542,173.09666666666666
1543,170.5
1544,170.97666666666666
1545,171.82333333333332
1546,172.44
1547,172.35666666666665
1548,176.45666666666668
1549,177.21
1550,174.6
1551,173.48333333333332
1552,171.17666666666668
1553,172.48666666666668
1554,171.03
1555,173.38666666666666
1556,173.13
1557,173.65333333333334
1558,173.74666666666667
1559,173.65333333333334
1560,171.71333333333334
1561,169.64
1562,170.82
1563,171.06666666666666
1564,170.97
1565,172.44
1566,171.20666666666668
1567,171.57666666666665
1568,170.79666666666665
1569,166.08
1570,166.82
1571,169.06
1572,168.46
1573,169.77
1574,168.7
1575,172.39666666666668
1576,171.43
1577,173.13333333333333
1578,177.91333333333333
1579,176.55333333333334
1580,177.42333333333335
1581,180.95
1582,179.21666666666667
1583,180.53666666666666
1584,200.99666666666667
1585,200.87666666666667
1586,202.21666666666667
1587,202.74666666666667
1588,204.94
1589,207.60666666666665
1590,208.64666666666668
1591,208.78
1592,209.66666666666666
1593,210.63
1594,211.71666666666667
1595,211.54333333333332
1596,200.29333333333332
1597,199.96333333333334
1598,199.66666666666666
1599,199.14
1600,201.33666666666667
1601,198.78333333333333
1602,198.41666666666666
1603,199.34333333333333
1604,201.22666666666666
1605,226.44
1606,206.14666666666668
1607,204.59
1608,191.43
1609,190.89666666666668
1610,189.58666666666667
1611,188.02
1612,150.21333333333334
1613,149.75333333333333
1614,147.19333333333333
1615,151.83
1616,153.51
1617,153.68333333333334
1618,153.54
1619,144.08333333333334
1620,133.66
1621,144.96333333333334
1622,134.51666666666668
1623,138.24
1624,131.90666666666667
1625,138.09
1626,147.61666666666667
1627,152.72
1628,152.95666666666668
1629,160.82333333333332
1630,155.92333333333335
1631,151.65
1632,155.46
1633,140.76333333333332
1634,139.38666666666666
1635,155.68333333333334
1636,149.79666666666665
1637,141.64666666666668
1638,143.63666666666666
1639,143.59333333333333
1640,146.94
1641,125.66666666666667
1642,123.75
1643,120.47666666666667
1644,132.03333333333333
1645,137.64
1646,129.38666666666666
1647,126.57666666666667
1648,125.83666666666667
1649,129.49666666666667
1650,141.90666666666667
1651,138.65
1652,146.50666666666666
1653,142.67
1654,120.71333333333334
1655,119.7
1656,135.33333333333334
1657,130.95
1658,125.67666666666666
1659,132.56
1660,147.06
1661,161.13666666666666
1662,161.90666666666667
1663,167.20666666666668
1664,153.82666666666665
1665,158.41666666666666
1666,157.52333333333334
1667,155.81
1668,157.18666666666667
1669,157.77
1670,144.38
1671,147.71
1672,165.93
1673,142.35
1674,159.87333333333333
1675,127.46666666666667
1676,141.82333333333332
1677,147.09666666666666
1678,140.70333333333335
1679,132.66333333333333
1680,138.97666666666666
1681,134.27666666666667
1682,142.23
1683,141.24666666666667
1684,131.89333333333335
1685,145.34666666666666
1686,150.39666666666668
1687,146.95
1688,143.00333333333333
1689,137.89666666666668
1690,132.54333333333332
1691,135.26333333333332
1692,143.99333333333334
1693,140.89666666666668
1694,145.08666666666667
1695,142.83666666666667
1696,147.00666666666666
1697,129.93333333333334
1698,153.36333333333334
1699,158.21333333333334
1700,141.83333333333334
1701,131.96666666666667
1702,131.75666666666666
1703,123.48666666666666
1704,128.78666666666666
1705,129.15333333333334
1706,124.50333333333333
1707,124.73333333333333
1708,124.20333333333333
1709,128.69666666666666
1710,129.06666666666666
1711,129.3
1712,128.68
1713,126.54666666666667
1714,127.91333333333333
1715,141.27333333333334
1716,150.34666666666666
1717,150.78666666666666
1718,150.62666666666667
1719,150.46666666666667
1720,150.19666666666666
1721,150.08333333333334
1722,149.65
1723,149.2
1724,148.65
1725,148.56
1726,149.27
1727,148.02666666666667
1728,145.0
1729,158.89333333333335
1730,165.68666666666667
1731,143.94666666666666
1732,145.83
1733,145.33666666666667
1734,145.8
1735,146.00333333333333
1736,145.72666666666666
1737,145.86333333333334
1738,145.75333333333333
1739,148.27666666666667
1740,146.62666666666667
1741,151.02
1742,152.77666666666667
1743,155.6
1744,161.07666666666665
1745,176.18333333333334
1746,177.02
1747,178.84666666666666
1748,175.91
1749,154.46
1750,153.02
1751,152.35
1752,152.18
1753,152.06
1754,151.25666666666666
1755,172.35666666666665
1756,169.72333333333333
1757,165.61
1758,159.30666666666667
1759,170.19333333333333
1760,168.7
1761,156.30333333333334
1762,157.20666666666668
1763,156.47
1764,156.40666666666667
1765,157.91666666666666
1766,157.71666666666667
1767,158.36333333333334
1768,156.38666666666666
1769,157.23666666666668
1770,157.70666666666668
1771,158.76666666666668
1772,159.12
1773,158.95666666666668
1774,159.03
1775,157.97666666666666
1776,162.48333333333332
1777,124.26666666666667
1778,123.23
1779,122.08666666666667
1780,121.68
1781,121.73
1782,122.08
1783,123.53666666666666
1784,127.28
1785,126.61333333333333
1786,126.90333333333334
1787,126.75
1788,124.87666666666667
1789,124.61666666666666
1790,123.35666666666667
1791,121.88333333333334
1792,121.32
1793,105.94333333333333
1794,105.39333333333333
1795,103.76
1796,106.79666666666667
1797,106.60666666666667
1798,115.25
1799,102.22666666666667
1800,124.74
1801,127.70666666666666
1802,124.51666666666667
1803,127.11666666666666
1804,133.01666666666668
1805,141.61
1806,147.44666666666666
1807,156.50666666666666
1808,162.27
1809,168.04666666666665
1810,176.00666666666666
1811,178.41333333333333
1812,221.91333333333333
1813,224.81
1814,225.17666666666668
1815,226.73333333333332
1816,225.83333333333334
1817,225.92
1818,225.16
1819,225.15333333333334
1820,225.27
1821,218.77666666666667
1822,211.97666666666666
1823,209.90666666666667
1824,179.66
1825,178.75333333333333
1826,175.83333333333334
1827,172.60333333333332
1828,171.98
1829,172.84666666666666
1830,171.52
1831,170.27333333333334
1832,169.8
1833,172.50666666666666
1834,173.57333333333332
1835,169.08666666666667
1836,171.47666666666666
1837,170.14
1838,168.64
1839,167.53333333333333
1840,167.6
1841,168.09
1842,167.40666666666667
1843,167.09333333333333
1844,167.29
1845,167.30333333333334
1846,168.54333333333332
1847,167.77666666666667
1848,169.76
1849,169.89666666666668
1850,168.71333333333334
1851,167.67333333333335
1852,166.90333333333334
1853,169.88333333333333
1854,168.18666666666667
1855,167.35333333333332
1856,167.50666666666666
1857,170.60666666666665
1858,171.58333333333334
1859,172.77
1860,172.90333333333334
1861,175.58
1862,178.78666666666666
1863,178.15
1864,180.64333333333335
1865,180.04666666666665
1866,176.63666666666666
1867,176.98
1868,177.91333333333333
1869,178.93666666666667
1870,177.93333333333334
1871,182.03333333333333
1872,210.6
1873,209.52666666666667
1874,208.75333333333333
1875,209.59
1876,212.58
1877,218.04333333333332
1878,223.54666666666665
1879,229.05666666666667
1880,229.73
1881,229.95333333333335
1882,229.94666666666666
1883,233.37
1884,222.89
1885,224.23333333333332
1886,224.77666666666667
1887,223.38
1888,212.95666666666668
1889,211.40333333333334
1890,212.53
1891,213.21333333333334
1892,214.00333333333333
1893,217.63333333333333
1894,216.99
1895,215.82
1896,204.29
1897,202.51
1898,200.38
1899,200.19666666666666
1900,151.41
1901,143.98
1902,137.25
1903,128.45666666666668
1904,128.96
1905,143.28666666666666
1906,149.87333333333333
1907,151.33666666666667
1908,143.61666666666667
1909,145.09666666666666
1910,139.56333333333333
1911,141.52333333333334
1912,145.94333333333333
1913,143.49
1914,141.7
1915,141.9
1916,141.47666666666666
1917,144.90666666666667
1918,146.24333333333334
1919,144.40666666666667
1920,153.86
1921,164.23
1922,148.16
1923,143.91666666666666
1924,143.37
1925,145.47
1926,130.39333333333335
1927,137.62666666666667
1928,141.74666666666667
1929,129.81666666666666
1930,129.54
1931,134.0
1932,140.10666666666665
1933,131.96666666666667
1934,133.18333333333334
1935,131.26
1936,138.79666666666665
1937,132.89333333333335
1938,134.13
1939,135.36
1940,137.45
1941,139.59
1942,121.13
1943,138.72
1944,132.29333333333332
1945,133.26
1946,133.89
1947,136.64333333333335
1948,138.54333333333332
1949,142.08666666666667
1950,136.35
1951,133.16
1952,133.29
1953,134.04
1954,143.73
1955,134.90666666666667
1956,140.62
1957,138.67666666666668
1958,140.40666666666667
1959,141.62
1960,143.36
1961,129.19
1962,127.03
1963,141.29333333333332
1964,127.70333333333333
1965,122.26
1966,120.78
1967,122.04
1968,126.73666666666666
1969,141.43
1970,141.82
1971,140.67666666666668
1972,137.12
1973,133.54
1974,135.50333333333333
1975,138.64
1976,140.17
1977,139.59333333333333
1978,139.64333333333335
1979,137.32333333333332
1980,134.22666666666666
1981,134.19666666666666
1982,136.56
1983,139.90333333333334
1984,127.64333333333333
1985,116.72666666666667
1986,128.23
1987,115.75333333333333
1988,103.48
1989,104.65333333333334
1990,106.87333333333333
1991,106.51
1992,104.95666666666666
1993,105.13333333333334
1994,102.37666666666667
1995,105.34
1996,117.14333333333333
1997,109.92333333333333
1998,110.65666666666667
1999,127.05
2000,127.33666666666667
2001,132.56666666666666
2002,138.45
2003,134.70666666666668
2004,123.77666666666667
2005,122.77666666666667
2006,122.91333333333333
2007,162.12666666666667
2008,160.95666666666668
2009,162.3
2010,124.68333333333334
2011,129.45
2012,126.11333333333333
2013,126.48666666666666
2014,130.71
2015,132.35666666666665
2016,152.40666666666667
2017,126.04333333333334
2018,125.47
2019,145.89
2020,136.84333333333333
2021,120.64333333333333
2022,120.02666666666667
2023,119.81666666666666
2024,119.59666666666666
2025,132.73666666666668
2026,121.82333333333334
2027,121.22666666666667
2028,121.18
2029,121.45666666666666
2030,122.48
2031,125.53666666666666
2032,126.03666666666666
2033,123.98666666666666
2034,134.92
2035,126.2
2036,130.08
2037,125.84666666666666
2038,125.34
2039,124.61333333333333
2040,124.19333333333333
2041,126.03333333333333
2042,126.44333333333333
2043,127.38333333333334
2044,125.11666666666666
2045,123.38666666666667
2046,123.42
2047,125.48333333333333
2048,124.26666666666667
2049,124.35
2050,133.13
2051,134.61333333333334
2052,124.90333333333334
2053,119.71333333333334
2054,121.72
2055,121.21666666666667
2056,118.99666666666667
2057,122.27666666666667
2058,121.88
2059,122.27333333333333
2060,122.79
2061,124.25666666666666
2062,123.22666666666667
2063,123.52333333333333
2064,119.29
2065,118.85666666666667
2066,120.17666666666666
2067,119.2
2068,119.65
2069,120.36333333333333
2070,118.99666666666667
2071,119.83333333333333
2072,120.41
2073,121.46666666666667
2074,121.57666666666667
2075,121.65333333333334
2076,121.56
2077,151.92666666666668
2078,146.23
2079,136.06333333333333
2080,132.77
2081,130.86
2082,117.50666666666666
2083,110.13333333333334
2084,113.24333333333334
2085,115.94666666666667
2086,116.43
2087,115.62666666666667
2088,127.79666666666667
2089,129.81333333333333
2090,129.36333333333334
2091,127.28
2092,136.40333333333334
2093,141.32666666666665
2094,149.55
2095,156.41333333333333
2096,163.45333333333335
2097,169.6
2098,169.33666666666667
2099,179.64333333333335
2100,221.15333333333334
2101,224.63666666666666
2102,224.50666666666666
2103,225.88666666666666
2104,225.03
2105,222.86
2106,229.01333333333332
2107,226.91
2108,226.4
2109,222.10666666666665
2110,213.35
2111,210.05
2112,184.02666666666667
2113,179.68333333333334
2114,174.25
2115,169.31333333333333
2116,167.62666666666667
2117,167.77666666666667
2118,168.63666666666666
2119,167.23
2120,167.25333333333333
2121,167.58333333333334
2122,167.63666666666666
2123,167.78
2124,172.86
2125,172.66666666666666
2126,168.54333333333332
2127,168.14
2128,167.80333333333334
2129,167.44
2130,167.77666666666667
2131,167.28666666666666
2132,167.35333333333332
2133,170.02666666666667
2134,169.07333333333332
2135,167.41333333333333
2136,168.05666666666667
2137,167.76666666666668
2138,166.66333333333333
2139,166.68333333333334
2140,166.56333333333333
2141,169.8
2142,165.77
2143,166.48666666666668
2144,166.71333333333334
2145,166.12333333333333
2146,168.58333333333334
2147,169.96666666666667
2148,175.33
2149,175.13666666666666
2150,176.32333333333332
2151,175.66
2152,178.02
2153,177.87666666666667
2154,178.40333333333334
2155,178.70666666666668
2156,179.19333333333333
2157,180.51333333333332
2158,180.55
2159,181.53333333333333
2160,215.16333333333333
2161,209.12666666666667
2162,210.25333333333333
2163,210.98666666666668
2164,211.71333333333334
2165,219.05
2166,222.24333333333334
2167,224.97666666666666
2168,225.97
2169,223.99666666666667
2170,222.03
2171,222.39
2172,214.69
2173,214.57
2174,217.33333333333334
2175,218.07
2176,214.75333333333333
2177,226.37
2178,218.78666666666666
2179,224.72666666666666
2180,222.33666666666667
2181,221.71333333333334
2182,222.63666666666666
2183,222.61
2184,205.31333333333333
2185,206.02
2186,204.13333333333333
2187,200.27666666666667
2188,156.49333333333334
2189,164.07
2190,165.54333333333332
2191,163.34
2192,162.87333333333333
2193,160.71666666666667
2194,155.83666666666667
2195,152.64
2196,135.89666666666668
2197,138.03333333333333
2198,133.93
2199,145.72333333333333
2200,137.66
2201,130.96
2202,137.09
2203,132.15333333333334
2204,118.57
2205,138.98333333333332
2206,152.34333333333333
2207,152.93333333333334
2208,150.69
2209,143.08333333333334
2210,150.01666666666668
2211,145.75
2212,127.39666666666666
2213,128.07666666666665
2214,127.53
2215,113.56
2216,112.93666666666667
2217,110.62666666666667
2218,125.91666666666667
2219,141.64
2220,148.84333333333333
2221,131.85666666666665
2222,142.19
2223,143.07333333333332
2224,149.22333333333333
2225,128.21666666666667
2226,129.32
2227,129.86333333333334
2228,130.65666666666667
2229,129.89
2230,129.05333333333334
2231,127.87333333333333
2232,136.63
2233,139.22333333333333
2234,147.42333333333335
2235,150.25
2236,149.12333333333333
2237,144.08
2238,141.83666666666667
2239,145.66
2240,140.17666666666668
2241,139.90333333333334
2242,139.64333333333335
2243,139.1
2244,120.25
2245,118.87333333333333
2246,118.56
2247,120.75666666666666
2248,121.46666666666667
2249,119.65
2250,130.89666666666668
2251,136.29
2252,137.97
2253,142.02
2254,137.31333333333333
2255,138.16666666666666
2256,135.23333333333332
2257,134.67333333333335
2258,121.11
2259,126.39
2260,127.54333333333334
2261,127.63666666666667
2262,128.04
2263,123.55333333333333
2264,122.16
2265,105.15
2266,101.28
2267,106.44666666666667
2268,110.51333333333334
2269,135.99666666666667
2270,136.11
2271,137.70333333333335
2272,128.00333333333333
2273,125.27666666666667
2274,129.62333333333333
2275,127.64
2276,129.23666666666668
2277,129.48666666666668
2278,129.36666666666667
2279,128.57333333333332
2280,127.57
2281,130.61333333333334
2282,126.01
2283,125.35333333333334
2284,130.92333333333335
2285,132.74333333333334
2286,144.25333333333333
2287,135.42666666666668
2288,131.13333333333333
2289,135.47333333333333
2290,131.98333333333332
2291,131.90666666666667
2292,164.19666666666666
2293,164.61
2294,164.51
2295,164.17666666666668
2296,164.56666666666666
2297,164.47666666666666
2298,164.84
2299,167.16333333333333
2300,167.93333333333334
2301,165.09666666666666
2302,164.52333333333334
2303,165.49
2304,170.63333333333333
2305,169.57
2306,169.81333333333333
2307,169.58333333333334
2308,170.82
2309,190.28333333333333
2310,190.97333333333333
2311,200.38
2312,191.66
2313,192.24
2314,191.04
2315,172.61333333333334
2316,177.89333333333335
2317,179.16
2318,177.95
2319,178.26
2320,177.67
2321,181.08333333333334
2322,182.17
2323,183.14
2324,174.86666666666667
2325,173.97666666666666
2326,174.13666666666666
2327,173.64666666666668
2328,173.29
2329,173.36666666666667
2330,173.29
2331,173.65666666666667
2332,172.93
2333,185.81
2334,186.05666666666667
2335,186.56333333333333
2336,185.92666666666668
2337,180.21
2338,182.42666666666668
2339,183.78
2340,184.38333333333333
2341,184.75
2342,180.97666666666666
2343,176.40333333333334
2344,176.32333333333332
2345,179.08333333333334
2346,171.81
2347,175.36
2348,173.62
2349,173.46
2350,173.01333333333332
2351,173.80666666666667
2352,171.78
2353,172.44333333333333
2354,178.88
2355,174.43333333333334
2356,173.46666666666667
2357,170.01666666666668
2358,169.26666666666668
2359,169.34666666666666
2360,169.73333333333332
2361,168.72666666666666
2362,168.67
2363,168.11
2364,171.09666666666666
2365,174.37666666666667
2366,174.86
2367,177.58
2368,178.14
2369,178.74666666666667
2370,178.99333333333334
2371,178.26333333333332
2372,178.52
2373,177.37
2374,177.86333333333334
2375,177.37666666666667
2376,180.26666666666668
2377,178.98333333333332
2378,177.85333333333332
2379,176.75
2380,177.57333333333332
2381,176.49666666666667
2382,175.95333333333335
2383,175.64333333333335
2384,174.36666666666667
2385,173.65
2386,174.96666666666667
2387,175.64333333333335
2388,176.61
2389,176.85333333333332
2390,177.41333333333333
2391,176.51333333333332
2392,175.22333333333333
2393,174.91666666666666
2394,174.16
2395,179.87
2396,182.92666666666668
2397,122.38333333333334
2398,122.21
2399,124.90666666666667
2400,132.65333333333334
2401,131.93333333333334
2402,135.20666666666668
2403,135.17333333333335
2404,136.97666666666666
2405,136.68
2406,140.34333333333333
2407,137.04333333333332
2408,136.43333333333334
2409,139.19666666666666
2410,143.01333333333332
2411,141.67
2412,144.81666666666666
2413,141.1
2414,144.10333333333332
2415,143.68666666666667
2416,142.17333333333335
2417,139.33
2418,138.91
2419,137.70333333333335
2420,133.64666666666668
2421,131.42666666666668
2422,131.59666666666666
2423,137.77666666666667
2424,135.42333333333335
2425,141.30333333333334
2426,142.89333333333335
2427,138.32333333333332
2428,137.73333333333332
2429,137.73
2430,138.2
2431,137.76
2432,138.24333333333334
2433,137.95
2434,142.86
2435,135.82666666666665
2436,140.14
2437,139.95666666666668
2438,141.29
2439,144.43
2440,138.51
2441,139.53666666666666
2442,140.83333333333334
2443,146.25666666666666
2444,139.06
2445,139.7
2446,140.20333333333335
2447,139.42666666666668
2448,139.94666666666666
2449,139.16666666666666
2450,139.52333333333334
2451,138.78
2452,138.65
2453,138.99333333333334
2454,141.15333333333334
2455,139.44333333333333
2456,141.99
2457,142.10666666666665
2458,142.15333333333334
2459,141.20333333333335
2460,140.38333333333333
2461,142.05666666666667
2462,139.99333333333334
2463,140.31
2464,140.87
2465,140.9
2466,142.57333333333332
2467,146.53
2468,142.76333333333332
2469,152.18
2470,145.60666666666665
2471,146.67
2472,151.46333333333334
2473,161.28333333333333
2474,159.84
2475,157.23666666666668
2476,155.10666666666665
2477,157.86333333333334
2478,155.45
2479,158.13
2480,151.22333333333333
2481,159.11666666666667
2482,151.52333333333334
2483,177.67
2484,182.54
2485,177.75333333333333
2486,173.18666666666667
2487,159.39666666666668
2488,174.64
2489,153.90666666666667
2490,148.25
2491,149.33333333333334
2492,150.89666666666668
2493,153.53333333333333
2494,153.27666666666667
2495,152.60666666666665
2496,158.37666666666667
2497,158.39
2498,177.29666666666665
2499,155.89333333333335
2500,158.96333333333334
2501,160.26666666666668
2502,161.73666666666668
2503,173.22333333333333
2504,179.44333333333333
2505,183.43666666666667
2506,180.35
2507,183.95
2508,201.13666666666666
2509,199.1
2510,200.13666666666666
2511,201.83
2512,203.17333333333335
2513,195.41333333333333
2514,183.69
2515,182.65666666666667
2516,185.47
2517,184.33
2518,182.08333333333334
2519,181.75
2520,154.07333333333332
2521,155.18
2522,155.67333333333335
2523,150.35666666666665
2524,161.16333333333333
2525,161.01333333333332
2526,163.24666666666667
2527,163.31666666666666
2528,163.07666666666665
2529,162.82
2530,162.39
2531,162.03
2532,145.28333333333333
2533,141.59666666666666
2534,147.47333333333333
2535,144.72666666666666
2536,135.35666666666665
2537,135.48333333333332
2538,136.55666666666667
2539,137.93
2540,166.46
2541,138.88666666666666
2542,141.38666666666666
2543,139.67
2544,116.87333333333333
2545,117.31666666666666
2546,122.48
2547,121.67
2548,120.09
2549,121.83333333333333
2550,121.22333333333333
2551,123.36666666666666
2552,120.69333333333333
2553,120.72
2554,130.42666666666668
2555,129.06666666666666
2556,121.26666666666667
2557,122.00666666666666
2558,123.94333333333333
2559,124.37
2560,126.52333333333333
2561,124.32666666666667
2562,127.53666666666666
2563,121.75
2564,122.03333333333333
2565,124.44
2566,123.14
2567,124.39333333333333
2568,121.75666666666666
2569,123.65
2570,123.51666666666667
2571,124.20666666666666
2572,124.17333333333333
2573,124.52333333333333
2574,124.53333333333333
2575,120.14666666666666
2576,119.90333333333334
2577,119.71333333333334
2578,120.47333333333333
2579,125.92666666666666
2580,127.08333333333333
2581,118.19333333333333
2582,117.28333333333333
2583,116.88333333333334
2584,117.95333333333333
2585,119.73
2586,169.21666666666667
2587,168.51
2588,170.39333333333335
2589,164.09333333333333
2590,166.83666666666667
2591,164.20333333333335
2592,164.33666666666667
2593,163.61333333333334
2594,163.26333333333332
2595,163.09
2596,163.11666666666667
2597,162.87666666666667
2598,162.64333333333335
2599,163.03666666666666
2600,163.11666666666667
2601,162.80333333333334
2602,162.75333333333333
2603,161.14666666666668
2604,164.0
2605,165.54
2606,167.07
2607,166.04333333333332
2608,165.62666666666667
2609,165.26333333333332
2610,165.08
2611,166.35666666666665
2612,164.83
2613,165.39666666666668
2614,165.63666666666666
2615,165.44666666666666
2616,167.48
2617,168.93666666666667
2618,167.68333333333334
2619,167.55
2620,167.54333333333332
2621,167.37333333333333
2622,167.74333333333334
2623,168.63
2624,166.99333333333334
2625,177.36
2626,168.98333333333332
2627,168.27666666666667
2628,168.55666666666667
2629,170.41666666666666
2630,171.11
2631,169.71333333333334
2632,167.32333333333332
2633,170.6
2634,168.14666666666668
2635,168.49
2636,169.08666666666667
2637,170.40666666666667
2638,170.32666666666665
2639,169.54666666666665
2640,162.52666666666667
2641,164.07333333333332
2642,162.43
2643,163.67333333333335
2644,163.57333333333332
2645,163.47333333333333
2646,164.18666666666667
2647,164.18
2648,165.76333333333332
2649,164.72333333333333
2650,164.65666666666667
2651,164.43666666666667
2652,163.71
2653,164.45333333333335
2654,164.83
2655,164.16333333333333
2656,163.18333333333334
2657,162.82666666666665
2658,164.76666666666668
2659,165.2
2660,167.42333333333335
2661,167.13333333333333
2662,167.57666666666665
2663,167.30666666666667
2664,158.72333333333333
2665,157.68666666666667
2666,163.95
2667,161.94333333333333
2668,161.74666666666667
2669,161.55333333333334
2670,163.41333333333333
2671,163.27666666666667
2672,155.23333333333332
